{
  "Requirements" : [
    {
      "pname" : 10,
      "rock" : 1000,
      "seed" : 400,
      "food" : 200
    },
    {
      "pname" : 20,
      "rock" : 15040,
      "seed" : 500,
      "food" : 200
    },
    {
      "pname" : 10,
      "rock" : 1500,
      "seed" : 500,
      "food" : 200
    },
    {
      "pname" : 10,
      "rock" : 1500,
      "seed" : 500,
      "food" : 200
    },
    {
      "pname" : 10,
      "rock" : 1500,
      "seed" : 500,
      "food" : 200
    },
    {
      "pname" : 10,
      "rock" : 1500,
      "seed" : 500,
      "food" : 200
    }
  ]
}
